{
  "project_info": {
    "project_number": "53612981135",
    "project_id": "coffeeshop-20ee9",
    "storage_bucket": "coffeeshop-20ee9.firebasestorage.app"
  },
  "client": [
    {
      "client_info": {
        "mobilesdk_app_id": "1:53612981135:android:31133b42f6f5234aad39fa",
        "android_client_info": {
          "package_name": "com.example.ca3"
        }
      },
      "oauth_client": [],
      "api_key": [
        {
          "current_key": "AIzaSyARZd4OisApydz3ZcsieyqeOSO7pkodOCM"
        }
      ],
      "services": {
        "appinvite_service": {
          "other_platform_oauth_client": []
        }
      }
    }
  ],
  "configuration_version": "1"
}